label,days,win,loss,win_rate,total_pnl,mean_daily,stdev_daily,sharpe,max_dd,calmar,total_entries,total_stops,stop_rate
credit-based,965,610,322,63.212435233160626,87253.00115253031,90.4176177746428,825.1333596699383,1.7395190338659172,16318.999533593655,1.3962399859320531,6755,1435,21.243523316062177
0.3,965,688,244,71.29533678756476,87659.00085815787,90.8383428581947,1553.9192372752498,0.9279851575816438,22571.999752417207,1.0141441897638541,6755,618,9.148778682457438
