label,days,win,loss,win_rate,total_pnl,mean_daily,stdev_daily,sharpe,max_dd,calmar,total_entries,total_stops,stop_rate
credit-based,965,607,325,62.901554404145074,86354.00096961856,89.48601136748037,822.4493146624708,1.727214511653764,16673.999636113644,1.3524334506859264,6755,1452,21.49518874907476
0.1,965,686,246,71.0880829015544,86155.00056505203,89.27979333166013,1563.018715278497,0.9067535581622033,21911.999762028456,1.0267665281087792,6755,609,9.015544041450777
0.3,965,688,244,71.29533678756476,87659.00085815787,90.8383428581947,1553.9192372752498,0.9279851575816438,22571.999752417207,1.0141441897638541,6755,618,9.148778682457438
1.0,965,683,249,70.77720207253886,80627.00126071274,83.55129664322564,1547.019809732206,0.8573488894362364,22546.999771416187,0.9338238775690728,6755,647,9.578090303478906
2.0,965,671,261,69.53367875647668,76883.00038906932,79.67150299385422,1512.6768514647158,0.836097874954728,22494.99964028597,0.8925191853968855,6755,683,10.111028867505551
3.0,965,663,269,68.70466321243524,82203.99968968332,85.18549190640758,1473.9535497323532,0.9174493739072795,21319.999638795853,1.0068829420311916,6755,712,10.540340488527017
