label,days,win,loss,win_rate,total_pnl,mean_daily,stdev_daily,sharpe,max_dd,calmar,total_entries,total_stops,stop_rate
2.0,965,671,261,69.53367875647668,76883.00038906932,79.67150299385422,1512.6768514647158,0.836097874954728,22494.99964028597,0.8925191853968855,6755,683,10.111028867505551
2.25,965,668,264,69.22279792746114,77346.99998271465,80.15233158830534,1499.9294551295916,0.8482924406587672,21929.99965943396,0.9210391187381483,6755,695,10.288675055514434
2.5,965,668,264,69.22279792746114,77731.99970160425,80.55129502756917,1492.109532122946,0.8569827744103495,22064.99968677759,0.9199604185406594,6755,700,10.362694300518134
2.75,965,664,268,68.8082901554404,75813.99975375831,78.56373031477546,1484.5433475380592,0.8400970958260814,22304.99962925911,0.887606382801856,6755,710,10.510732790525537
3.0,965,663,269,68.70466321243524,82203.99968968332,85.18549190640758,1473.9535497323532,0.9174493739072795,21319.999638795853,1.0068829420311916,6755,712,10.540340488527017
